{
  "loss": [
    2.0582315921783447,
    0.9690572023391724,
    0.7576918601989746,
    0.6066796779632568,
    0.5301125645637512,
    0.4657987654209137,
    0.424236536026001,
    0.4028598368167877,
    0.3681725263595581,
    0.3389797508716583,
    0.31509625911712646,
    0.31829991936683655,
    0.2863215208053589,
    0.2969435155391693,
    0.2967355251312256,
    0.2887341380119324,
    0.2682853639125824,
    0.26523739099502563,
    0.2538350224494934,
    0.25041359663009644,
    0.247615784406662,
    0.22581644356250763,
    0.21872223913669586,
    0.21337519586086273,
    0.2248315066099167,
    0.23192012310028076,
    0.23960058391094208,
    0.20664285123348236,
    0.2163924127817154,
    0.2104228436946869,
    0.23532254993915558,
    0.21364089846611023,
    0.20746229588985443,
    0.20079413056373596,
    0.18751277029514313,
    0.2025289088487625,
    0.21019645035266876,
    0.20735397934913635,
    0.19620659947395325,
    0.18763990700244904,
    0.16767996549606323,
    0.15601202845573425,
    0.14827780425548553,
    0.150242879986763,
    0.1418985277414322,
    0.13819339871406555,
    0.13906900584697723,
    0.13714699447155,
    0.12987875938415527,
    0.12708817422389984,
    0.13009533286094666,
    0.12394760549068451,
    0.13994181156158447,
    0.14024217426776886,
    0.12800565361976624,
    0.12985943257808685,
    0.1207737997174263,
    0.1197950541973114,
    0.13059279322624207,
    0.12256986647844315,
    0.12307074666023254,
    0.1261896789073944,
    0.1235024705529213,
    0.13256683945655823,
    0.12163283675909042,
    0.12387537956237793,
    0.11170362681150436,
    0.1129210814833641,
    0.12326018512248993,
    0.11612518876791,
    0.11224538087844849,
    0.11908673495054245,
    0.1340980976819992,
    0.1252695918083191,
    0.1192077249288559,
    0.11373432725667953,
    0.10307739675045013,
    0.10267324000597,
    0.09790147095918655,
    0.09929060190916061,
    0.09478642046451569,
    0.08984427899122238,
    0.09362827986478806,
    0.09667236357927322,
    0.09229300171136856,
    0.0887238085269928,
    0.0944458618760109,
    0.08772259950637817,
    0.08675192296504974,
    0.0869002714753151,
    0.09433891624212265,
    0.09102117270231247,
    0.08692546933889389,
    0.08536221086978912,
    0.0869121178984642,
    0.08431051671504974,
    0.08500046283006668,
    0.07952825725078583,
    0.08358047157526016,
    0.07852984964847565
  ],
  "accuracy": [
    0.4501984119415283,
    0.7444444298744202,
    0.8061507940292358,
    0.8589285612106323,
    0.8867063522338867,
    0.9093254208564758,
    0.9200396537780762,
    0.9216269850730896,
    0.9347222447395325,
    0.9416666626930237,
    0.9470238089561462,
    0.9432539939880371,
    0.9565476179122925,
    0.9480158686637878,
    0.9492063522338867,
    0.9503968358039856,
    0.9581349492073059,
    0.95932537317276,
    0.9609127044677734,
    0.9617063403129578,
    0.9575396776199341,
    0.9692460298538208,
    0.9704365134239197,
    0.9686508178710938,
    0.9652777910232544,
    0.9640873074531555,
    0.9617063403129578,
    0.9726190567016602,
    0.9690476059913635,
    0.9658730030059814,
    0.9621031880378723,
    0.9698412418365479,
    0.971230149269104,
    0.9730158448219299,
    0.9773809313774109,
    0.9690476059913635,
    0.9682539701461792,
    0.9684523940086365,
    0.9724206328392029,
    0.9750000238418579,
    0.978769838809967,
    0.9855158925056458,
    0.9865079522132874,
    0.983730137348175,
    0.9869047403335571,
    0.9873015880584717,
    0.9843254089355469,
    0.9839285612106323,
    0.9869047403335571,
    0.987500011920929,
    0.9849206209182739,
    0.9878968000411987,
    0.9803571701049805,
    0.9815475940704346,
    0.9833333492279053,
    0.983730137348175,
    0.9855158925056458,
    0.9855158925056458,
    0.9813492298126221,
    0.9843254089355469,
    0.9855158925056458,
    0.9825396537780762,
    0.983134925365448,
    0.9811508059501648,
    0.987500011920929,
    0.9829365015029907,
    0.9888888597488403,
    0.9865079522132874,
    0.9817460179328918,
    0.9849206209182739,
    0.9849206209182739,
    0.983134925365448,
    0.9783729910850525,
    0.9829365015029907,
    0.9855158925056458,
    0.9867063760757446,
    0.9896825551986694,
    0.9894841313362122,
    0.9914682507514954,
    0.9902777671813965,
    0.9914682507514954,
    0.9922618865966797,
    0.9914682507514954,
    0.9900793433189392,
    0.9914682507514954,
    0.9922618865966797,
    0.9896825551986694,
    0.990674614906311,
    0.9904761910438538,
    0.9902777671813965,
    0.9892857074737549,
    0.9894841313362122,
    0.9910714030265808,
    0.9904761910438538,
    0.9886904954910278,
    0.9904761910438538,
    0.9900793433189392,
    0.992460310459137,
    0.9914682507514954,
    0.9912698268890381
  ],
  "val_loss": [
    1.377166748046875,
    0.6914569139480591,
    0.5016774535179138,
    0.40058860182762146,
    0.34283480048179626,
    0.3330991864204407,
    0.285384863615036,
    0.25394827127456665,
    0.2508951425552368,
    0.21946923434734344,
    0.21820275485515594,
    0.22495363652706146,
    0.201901376247406,
    0.20515166223049164,
    0.22278116643428802,
    0.19578547775745392,
    0.20403139293193817,
    0.17672280967235565,
    0.18274596333503723,
    0.173239603638649,
    0.1978215128183365,
    0.16960635781288147,
    0.1637452095746994,
    0.17473167181015015,
    0.1584681272506714,
    0.15749484300613403,
    0.16451206803321838,
    0.16361141204833984,
    0.18699757754802704,
    0.15365590155124664,
    0.15986260771751404,
    0.15254545211791992,
    0.16142308712005615,
    0.1497129201889038,
    0.14572259783744812,
    0.15370789170265198,
    0.15834791958332062,
    0.14966076612472534,
    0.14847005903720856,
    0.14858748018741608,
    0.13616500794887543,
    0.14236660301685333,
    0.14348115026950836,
    0.13543350994586945,
    0.12157796323299408,
    0.11806438118219376,
    0.1174682006239891,
    0.1224202886223793,
    0.11544349789619446,
    0.11481714248657227,
    0.12131322175264359,
    0.10850860923528671,
    0.11934136599302292,
    0.11243528872728348,
    0.10708139836788177,
    0.10666853934526443,
    0.11323022097349167,
    0.10950038582086563,
    0.104312963783741,
    0.10460321605205536,
    0.11193765699863434,
    0.10265446454286575,
    0.10554268956184387,
    0.10839433968067169,
    0.09800872206687927,
    0.0977684035897255,
    0.10782566666603088,
    0.11068286001682281,
    0.09586673229932785,
    0.09964138269424438,
    0.08823176473379135,
    0.10402373224496841,
    0.09609653800725937,
    0.102800652384758,
    0.09172021597623825,
    0.09696053713560104,
    0.09279084205627441,
    0.09056487679481506,
    0.093721404671669,
    0.0847695916891098,
    0.08657967299222946,
    0.0871662124991417,
    0.08685228228569031,
    0.08171574771404266,
    0.08134369552135468,
    0.08400978147983551,
    0.07967450469732285,
    0.08124066144227982,
    0.08022333681583405,
    0.07685536891222,
    0.07887496799230576,
    0.07798101007938385,
    0.07435732334852219,
    0.07677195221185684,
    0.07864157855510712,
    0.07163981348276138,
    0.07325029373168945,
    0.09854564070701599,
    0.07643797993659973,
    0.07001754641532898
  ],